id,type,public,created_at,actor_id,actor_login,actor_display_login,actor_gravatar_id,actor_url,actor_avatar_url,repo_id,repo_name,repo_url,payload_ref,payload_ref_type,payload_pusher_type,payload_push_id,payload_size,payload_distinct_size,payload_head,payload_before
6485341567,ForkEvent,True,2017-08-19 09:18:14+00:00,18227489,darenme,darenme,,https://api.github.com/users/darenme,https://avatars.githubusercontent.com/u/18227489?,2325298,torvalds/linux,https://api.github.com/repos/torvalds/linux,,,,,,,,
6485461535,WatchEvent,True,2017-08-19 10:31:25+00:00,526372,sairuk,sairuk,,https://api.github.com/users/sairuk,https://avatars.githubusercontent.com/u/526372?,2325298,torvalds/linux,https://api.github.com/repos/torvalds/linux,,,,,,,,
6485476464,WatchEvent,True,2017-08-19 10:41:16+00:00,31157423,ReneKiwitt,ReneKiwitt,,https://api.github.com/users/ReneKiwitt,https://avatars.githubusercontent.com/u/31157423?,2325298,torvalds/linux,https://api.github.com/repos/torvalds/linux,,,,,,,,
6485484619,WatchEvent,True,2017-08-19 10:46:09+00:00,16252307,thesmileynoob,thesmileynoob,,https://api.github.com/users/thesmileynoob,https://avatars.githubusercontent.com/u/16252307?,2325298,torvalds/linux,https://api.github.com/repos/torvalds/linux,,,,,,,,
6485509518,ForkEvent,True,2017-08-19 11:01:43+00:00,851490,trzeci,trzeci,,https://api.github.com/users/trzeci,https://avatars.githubusercontent.com/u/851490?,2325298,torvalds/linux,https://api.github.com/repos/torvalds/linux,,,,,,,,
6485582817,ForkEvent,True,2017-08-19 11:49:02+00:00,13597924,sujiahong,sujiahong,,https://api.github.com/users/sujiahong,https://avatars.githubusercontent.com/u/13597924?,2325298,torvalds/linux,https://api.github.com/repos/torvalds/linux,,,,,,,,
6485661357,ForkEvent,True,2017-08-19 12:37:05+00:00,30432540,lioneieChen,lioneieChen,,https://api.github.com/users/lioneieChen,https://avatars.githubusercontent.com/u/30432540?,2325298,torvalds/linux,https://api.github.com/repos/torvalds/linux,,,,,,,,
6485662656,WatchEvent,True,2017-08-19 12:37:53+00:00,21054136,rakuzet,rakuzet,,https://api.github.com/users/rakuzet,https://avatars.githubusercontent.com/u/21054136?,2325298,torvalds/linux,https://api.github.com/repos/torvalds/linux,,,,,,,,
6485694803,WatchEvent,True,2017-08-19 12:57:23+00:00,6817589,mslawins,mslawins,,https://api.github.com/users/mslawins,https://avatars.githubusercontent.com/u/6817589?,2325298,torvalds/linux,https://api.github.com/repos/torvalds/linux,,,,,,,,
6485723132,WatchEvent,True,2017-08-19 13:14:07+00:00,28145295,Eerosal,Eerosal,,https://api.github.com/users/Eerosal,https://avatars.githubusercontent.com/u/28145295?,2325298,torvalds/linux,https://api.github.com/repos/torvalds/linux,,,,,,,,
6485774867,ForkEvent,True,2017-08-19 13:43:40+00:00,31155258,happymiki,happymiki,,https://api.github.com/users/happymiki,https://avatars.githubusercontent.com/u/31155258?,2325298,torvalds/linux,https://api.github.com/repos/torvalds/linux,,,,,,,,
6485820239,WatchEvent,True,2017-08-19 14:08:09+00:00,31161401,yslpgs,yslpgs,,https://api.github.com/users/yslpgs,https://avatars.githubusercontent.com/u/31161401?,2325298,torvalds/linux,https://api.github.com/repos/torvalds/linux,,,,,,,,
6485850350,WatchEvent,True,2017-08-19 14:24:07+00:00,12789436,yujingyun,yujingyun,,https://api.github.com/users/yujingyun,https://avatars.githubusercontent.com/u/12789436?,2325298,torvalds/linux,https://api.github.com/repos/torvalds/linux,,,,,,,,
6486013985,WatchEvent,True,2017-08-19 15:50:05+00:00,404940,nasimhuq,nasimhuq,,https://api.github.com/users/nasimhuq,https://avatars.githubusercontent.com/u/404940?,2325298,torvalds/linux,https://api.github.com/repos/torvalds/linux,,,,,,,,
6486144573,WatchEvent,True,2017-08-19 16:59:32+00:00,16957782,heylypp,heylypp,,https://api.github.com/users/heylypp,https://avatars.githubusercontent.com/u/16957782?,2325298,torvalds/linux,https://api.github.com/repos/torvalds/linux,,,,,,,,
6486158110,WatchEvent,True,2017-08-19 17:06:32+00:00,3044100,SwiftsNamesake,SwiftsNamesake,,https://api.github.com/users/SwiftsNamesake,https://avatars.githubusercontent.com/u/3044100?,2325298,torvalds/linux,https://api.github.com/repos/torvalds/linux,,,,,,,,
6486174610,WatchEvent,True,2017-08-19 17:15:07+00:00,1395167,calebmadrigal,calebmadrigal,,https://api.github.com/users/calebmadrigal,https://avatars.githubusercontent.com/u/1395167?,2325298,torvalds/linux,https://api.github.com/repos/torvalds/linux,,,,,,,,
